Parcel_No,fulladd,REALKEY,HOMEEXEMPT,CENSUS_CAT,X,Y
I56K   005,0 Chandler St,15342,S0,B-2,-82.93621627,34.3633977
I56K   005 001,0 Leard St,20744,S0,B-2,-82.9358946,34.36261762
I56L   005,0 Chandler Pl,15372,S0,B-2,-82.9354478,34.3636418
I56L   006,0 Chandler St,15373,S0,B-2,-82.93537182,34.363275
I56L   006 001,,20709,S0,B-2,-82.93494302,34.36352372
I56L   007,0 Chandler St,15374,S0,B-2,-82.93518063,34.36284221
I56L   008,30 Chandler St,15375,S0,B-2,-82.93456137,34.36307645
I56L   009,26 Chandler St,15376,S0,B-2,-82.93476892,34.36232083
I56L   010,332 Vickery St,15377,S0,B-2,-82.93238106,34.36227967
I56L   011,145 Oak St,15378,S1,R-1,-82.93134001,34.36292884
I56L   012,129 Oak St,15379,S0,R-1,-82.93107762,34.36295255
I56L   013,113 Oak St,15380,S0,R-1,-82.93082544,34.36303551
I56L   014,731 N Forest Av,15381,S0,R-1,-82.929661,34.36274106
I56L   015,0 N Forest Av,15382,S0,B-2,-82.92920878,34.36316599
I56L   016,0 Oak St,15383,S0,B-2,-82.92958296,34.36318842
I56L   017,41 Oak St,15384,S0,R-1,-82.93026585,34.36303404
I56L   018,382 Vickery St,15385,S1,R-1A,-82.93306435,34.36270051
I56L   019,402 Vickery St,15386,S0,R-1A,-82.93335198,34.36289531
I56L   020,420 Vickery St,15387,S1,R-1A,-82.93359548,34.36314143
I56L   021,54 Murfee Ln,15388,S0,R-1A,-82.93314343,34.3635098
I56L   022,102 Muurfee Ln,15389,S0,R-1A,-82.93285926,34.36320599
I56L   023,200 Oak St,15390,S0,R-1A,-82.9325513,34.36295034
I56L   024,134 Oak St,15391,S1,R-1A,-82.93143462,34.36343852
I56L   025,129 Murfee Ln,15392,S0,R-1A,-82.93220149,34.36338726
I56L   026,0 Murfee Ln,15393,S0,R-1A,-82.93236262,34.36365207
I56L   027,91 Murfee Ln,15394,S1,R-1A,-82.93252268,34.36389413
I56L   028,0 Vickery St,15395,S0,R-1A,-82.93389949,34.36366318
I56L   029,0 Vickery St,15396,S0,R-2,-82.93158309,34.36405182
I56L   086,55 Baker St,15456,S0,R-1A,-82.93069735,34.36411667
I56L   087,205 Baker St,15457,L1,R-1A,-82.93067525,34.36395107
I56L   089,25 Baker St,15459,S1,R-1A,-82.93064676,34.36375069
I56L   090,0 New baker St,15460,S0,R-1A,-82.93059489,34.36353453
I56L   091,0 New baker St,15461,S0,R-1A,-82.93005103,34.36376595
I56L   092,38 Baker St,15462,S0,R-1A,-82.9300252,34.36398689
I56L   093,54 Baker St,15463,S0,R-1A,-82.93007337,34.36416533
I56L   101,833 N Forest Av,15472,S0,R-1,-82.92955426,34.36424677
I56L   102,823 N Forest Av,15473,S0,R-2,-82.92939354,34.36409317
I56L   103,1223 N Forest Av,15474,S0,R-2,-82.92936056,34.36383371
I56L   104,775 North forest Av,15475,S0,B-2,-82.92960333,34.36354645
I56L   105,726 N Forest Av,15476,S0,R-1,-82.92825403,34.3626263
I56L   106,,15477,S0,R-1,-82.92791178,34.36292972
I56L   107,738 N Forest Av,15478,S1,R-1,-82.92855595,34.36295969
I56L   108,708 N Forest Av,15479,S0,R-1,-82.92855235,34.36322636
I56L   109,,15480,S0,R-1,-82.92791075,34.3631932
I56L   111,776 N Forest Av,15482,S0,R-1,-82.92854881,34.36349744
I56L   112,796 N Forest Av,15483,L1,R-1,-82.9285415,34.36378679
I56L   115,822 N Forest Av,15486,S0,R-1,-82.92858106,34.36401084
I56L   160,0 Forest Av,15530,S0,R-1,-82.92711928,34.36301141
I56L   161,0 Chandler St,15531,S0,B-2,-82.93406724,34.36241715
I56L   162,703 N Forest Av,15532,S0,R-1,-82.92937737,34.36232527
I56P   017,481 Chandler St,15709,S0,R-2,-82.93504057,34.36009294
I56P   018,529 Chandler St,15710,S0,R-2,-82.935247,34.3609065
I56P   019,19 Leard St,15711,S1,R-2,-82.93553502,34.36172244
I56P   021,24 Whitehall St,15712,S0,B-2,-82.9336594,34.36131572
I56P   024,303 Vickery St,15715,S0,R-1,-82.93306074,34.36139042
I56P   025,281 Vickery St,15716,S1,R-1,-82.93293488,34.36113904
I56P   026,265 Vickery St,15717,S0,R-1,-82.93263832,34.36099719
I56P   027,249 Vickery St,15718,S1,R-1,-82.93251379,34.3607312
I56P   030,238 Vickery St,15721,S1,R-1,-82.93187744,34.36085275
I56P   031,0 Vickery St,15722,S0,R-1,-82.93173652,34.36062425
I56P   032,120 Cayuga St,15723,S1,R-1,-82.93147773,34.36090549
I56P   033,260 Vickery St,15724,S0,R-1,-82.93172271,34.36133968
I56P   034,284 Vickery St,15725,L1,R-1,-82.93223146,34.36148732
I56P   034 001,0 Vickery St,15726,S0,R-1,-82.93169686,34.36173482
I56P   035,302 Vickery St,15727,S0,R-1,-82.93206892,34.36181397
I56P   038,102 Cayuga St,15730,S0,R-1,-82.93119827,34.36101717
I56P   039,86 Cayuga St,15731,S0,R-1,-82.93091689,34.36147365
I56P   040,0 N Forest Av,15732,S0,R-1,-82.9305169,34.36185747
I56P   041,0 Baker St,15733,S0,R-1,-82.93004357,34.36230366
I56P   042,0 N Forest Av,15734,S0,R-1,-82.9300385,34.3619872
I56P   043,671 N Forest Av,15735,S0,R-1,-82.92941033,34.36203912
I56P   044,74 Cayuga St,15736,S0,R-1,-82.9306168,34.36130031
I56P   045,52 Cayuga St,15737,S0,R-1,-82.93035838,34.3613861
I56P   046,40 Cayuga St,15738,L1,R-1,-82.93003826,34.36149534
I56P   047,649 N Forest Av,15739,S0,R-1,-82.92950745,34.36177313
I56P   050,611 N Forest Av,15742,S0,R-1,-82.92956896,34.36148396
I56P   050 001,611 N Forest Av,20835,L1,R-1,-82.92960932,34.36120243
I56P   051,696 N Forest Av,15743,L1,R-1,-82.92828921,34.36220457
I56P   052,0 N Forest Av,15744,S0,R-1,-82.92838293,34.36158506
I56P   053,602 N Forest Av,15745,S0,R-1,-82.92832371,34.36074306
I56P   054,512 N Forest St,15746,S0,R-1,-82.9283579,34.35986714
I56P   055,512 N Forest Av,15747,S0,R-1,-82.92915906,34.35976687
I56P   056,491 Richardson St,15748,S0,B-1,-82.92794868,34.35909071
I56P   057,0 W Richardson St,15749,S0,R-1,-82.92799105,34.35894725
I56P   057 001,0 W Richardson St,18989,S0,R-1,-82.92790211,34.35925992
I56P   058,119 Colfax St,15750,S0,R-1,-82.92803227,34.35879785
I56P   059,85 Colfax St,15751,S0,R-1,-82.92834158,34.35907855
I56P   060,71 Colfax St,15752,S0,R-1,-82.92863977,34.35913538
I56P   061,55 Colfax St,15753,S0,R-1,-82.92887046,34.35917777
I56P   062,105 Colfax St,15754,S0,R-1,-82.92903975,34.35921176
I56P   063,35 Colfax St,15755,S0,R-1,-82.92925791,34.35907785
I56P   064,25 Colfax St,15756,S0,R-1,-82.92943589,34.35906071
I56P   065,466 N Forest Av,15757,S1,R-1,-82.92967338,34.35910656
I56P   066,,15758,S0,R-1,-82.92952544,34.35928695
I56P   067,490 N Forest Av,15759,S0,R-1,-82.92936359,34.35946598
I56P   068,465 N Forest Av,15760,S0,R-1,-82.93037794,34.35917664
I56P   069,481 N Forest Av,15761,S0,R-1,-82.93036392,34.35958582
I56P   070,511 N Forest Av,15762,S0,R-1,-82.93009733,34.35982889
I56P   071,529 N Forest Av,15763,S1,R-1,-82.93028787,34.36018444
I56P   072,593 N Forest Av,15764,S1,R-1,-82.92972368,34.3606586
I56P   073,45 Cayuga St,15765,S1,R-1,-82.93011974,34.36071993
I56P   074,81 Cayuga St,15766,S1,R-1,-82.93049775,34.36071118
I56P   075,105 Cayuga St,15767,S0,R-1,-82.93087468,34.36059405
I56P   076,192 Vickery St,15768,S0,R-1,-82.9313972,34.36036378
I56P   077,210 Vickery St,15769,S0,R-1,-82.93119075,34.36011038
I56P   078,144 Vickery St,15770,L1,R-1,-82.93108409,34.35975327
I56P   079,130 Vickery St,15771,L1,R-1,-82.93098592,34.35935753
I56P   080,106 Vickery St,15772,L1,R-1,-82.93093417,34.35904628
I56P   081,427 N Forest Av,15773,S0,R-1,-82.93057892,34.35869429
I56P   081 001,0 N Forest Av,19410,S0,R-1,-82.93041211,34.35894329
I56P   082,64 Vickery St,15774,S0,R-1,-82.93054514,34.35841551
I56P   082 001,,,,,-82.92939263,34.35823507
I56P   083,0 Vickery St,15776,S0,B-2,-82.93050178,34.35810613
I56P   084,434 N Forest Av,15777,L1,R-1,-82.92974396,34.35874713
I56P   085,34 Colfax St,15778,S0,R-1,-82.92933235,34.35866449
I56P   086,72 Colfax St,15779,S0,R-1B,-82.92888696,34.3585755
I56P   087,86 Colfax St,15780,S0,R-1B,-82.92850946,34.35849987
I56P   088,221 Richardson St,15781,S0,R-1B,-82.92813825,34.35844808
I56P   089,404 Richardson St,15782,S0,R-1B,-82.92743106,34.3588182
I56P   090,0 NW Richardson @ colfax St,15783,S0,R-1B,-82.92751409,34.35852063
I56P   091,429 Richardson St,15784,S0,R-1B,-82.92819059,34.35816259
I56P   092,0 Richardson St,15785,S0,R-1B,-82.9273898,34.35808683
I56P   093,0 Richardson St,15786,S0,R-1B,-82.92751348,34.35782506
I56P   094,396 Richardson St,15787,S0,R-1B,-82.92759852,34.35749827
I56P   095,0 Richardson St,15788,S0,R-1B,-82.92772915,34.35719708
I56P   096,0 Richardson St,15789,S0,R-1B,-82.92771755,34.35701335
I56P   097,336 Richardson St,15790,S0,R-1B,-82.92781001,34.35690502
I56P   098,407 N Richardson St,15791,S1,B-2,-82.92840423,34.35792366
I56P   099,387 N Richardson St,15792,S0,B-2,-82.92848654,34.35765952
I56P   100,375 Richardson St,15793,S0,R-1B,-82.92839632,34.35736045
I56P   101,431 W Richardson St,15794,S0,R-1B,-82.92854013,34.35699855
I56P   102,306 Carter St,15795,S0,R-1B,-82.92909322,34.35701942
I56P   103,324 Carter St,15796,S0,R-1B,-82.92914721,34.35681897
I56P   104,424 N Forest Av,15797,L1,R-1,-82.92921729,34.35833984
I56P   105,382 N Forest Av,15798,S0,B-2,-82.92947489,34.35795923
I56P   106,370 N Forest Av,15799,S1,R-1,-82.9294363,34.35744564
I56P   107,336 N Forest Av,15800,S1,R-1,-82.92994653,34.35717668
I56P   108,324 N Forest Av,15801,S0,R-1,-82.93001108,34.35696438
I56P   109,304 N Forest Av,15802,S0,R-1,-82.93027345,34.3568182
I56P   110,313 N Forest Av,15803,S0,R-1,-82.9309801,34.35705019
I56P   111,343 N Forest Av,15804,L1,R-1,-82.93085476,34.35740019
I56P   112,21 Vickery St,15805,S0,B-2,-82.93100921,34.35790158
I56P   113,57 Vickery St,15806,L1,R-1,-82.93109963,34.35823939
I56P   114,71 Vickery St,15807,S0,B-1,-82.93111964,34.35845018
I56P   115,346 N Carolina St,15808,S0,R-1B,-82.9313603,34.35734493
I56P   116,217 N Forest Av,15809,L1,R-1,-82.93124666,34.35682119
I56P   117,0 Carolina St,15810,S0,R-1,-82.93232247,34.35689208
I56P   118,311 Carolina St,15811,S0,R-1,-82.93203711,34.35719224
I56P   119 A,,,,R-1,-82.93223895,34.35793317
I56P   119 B,,,,R-1,-82.93228752,34.35752273
I56P   121,217 Carolina St,15814,S0,B-2,-82.93188317,34.35832106
I56P   122,419 N Carolina St,15815,S1,B-2,-82.93175732,34.35876184
I56P   123,143 Vickery St,15816,S0,B-2,-82.93198653,34.35930958
I56P   125,47 Whitehall St,15818,S0,R-1,-82.93237672,34.35983102
I56P   126 001,69 Whitehall St,19976,S0,R-1,-82.93309798,34.3602637
I56P   127,87 Whitehall Rd,15820,L1,R-1,-82.9333594,34.36012685
I56P   128,125 Whitehall St,15821,L1,R-1,-82.93410301,34.36033177
I56P   129,0 Chandler St,15822,S0,B-2,-82.93369908,34.35926865
I56P   130,121 Vickery St,15823,S0,R-1,-82.93235809,34.35888982
I56P   132,0 Chandler St,15825,S0,R-1,-82.93338118,34.35805785
I56P   134,380 Chandler St,15827,L1,R-1,-82.93423236,34.35840806
I56P   135,318 Chandler St,15828,S0,R-1,-82.93424509,34.35783436
I56P   136,292 Chandler St,15829,S0,R-1,-82.93420409,34.35757458
I56P   138,0 W Carolina St,15831,S0,R-1,-82.93312308,34.35668773
I56P   140,600 Chandler St,15833,S0,B-2,-82.93459429,34.36181711
I57D   000,,,,B-2,-82.93029757,34.35505128
I57D   036,0 Johnson St,15972,S0,R-1,-82.93351413,34.35560918
I57D   037,0 Jackson St,15973,S0,R-1,-82.93353974,34.35601249
I57D   038,0 W Carolina St,15974,S0,B-2,-82.93291209,34.35525592
I57D   039,,15975,S0,B-2,-82.93322301,34.35498585
I57D   040,0 W Carolina St,15976,S0,B-2,-82.93280443,34.35487907
I57D   041,94 W Johnson St,15977,S0,B-2,-82.93301591,34.35476669
I57D   042,111 N Carolina St,15978,S0,B-2,-82.93292048,34.35440788
I57D   043,103 Carolina St,15979,S0,B-2,-82.93290916,34.35420376
I57D   044,0 Carolina St,15980,S0,B-2,-82.93289835,34.35399811
I57D   115,358 E Howell St,16054,S0,B-2,-82.93237747,34.35240158
I57D   116,200 W Howell St,16055,S0,B-2,-82.93231997,34.35238942
I57D   117,0 Howell St,16056,S0,B-2,-82.93223393,34.35238547
I57D   123,0 Franklin St,16062,S0,B-2,-82.93229129,34.35303992
I57D   124,150 W Franklin St,16063,S1,B-2,-82.93184685,34.35376712
I57D   125,115 E Franklin St,16064,S0,B-2,-82.93202719,34.35392653
I57D   126,0 E Franklin St,16065,S0,B-2,-82.93221963,34.35371446
I57D   127,0 Franklin St,16066,S0,B-2,-82.93240285,34.35385415
I57D   128,102 N Carolina St,16067,S0,B-2,-82.9323042,34.35421516
I57D   128 001,0 Carolina St,19450,S0,B-2,-82.93211871,34.35407713
I57D   129,107 N Forest Av,16068,S0,B-2,-82.93173701,34.35412714
I57D   130,0 N Forest Av,16069,S0,B-2,-82.93180951,34.3545465
I57D   131,155 N Forest Av,16070,S0,B-2,-82.93175107,34.35479925
I57D   132,200 N Carolina St,16071,S0,B-2,-82.93204885,34.35525999
I57D   133,177 N Forest Av,16072,S0,B-2,-82.93164061,34.35515636
I57D   134,195 N Forest Av,16073,S0,R-1,-82.93143122,34.35536187
I57D   135,221 N Forest Av,16074,S0,R-1,-82.93140242,34.35567319
I57D   137,0 Carolina St,16076,S0,R-1,-82.93151652,34.3560381
I57D   139,,,,R-1,-82.93116137,34.35629898
I57D   140,262 N Carolina St,16079,L1,R-1,-82.93163365,34.35634968
I57D   141,272 Carolina St,16080,S0,R-1,-82.93158396,34.35650776
I57D   142,279 N Forest Av,16081,S0,R-1,-82.93131282,34.35662299
I57D   143,196 N Forest Av,16082,S0,R-1,-82.93003275,34.3566449
I57D   144,42 Gordon St,16083,S0,R-1,-82.9300187,34.35619493
I57D   145,268 N Forest St,16084,S0,R-1,-82.9304635,34.35628464
I57D   146,212 N Forest Av,16085,S0,R-1,-82.93034453,34.35593696
I57D   147,230 N Forest Av,16086,S0,R-1,-82.93057151,34.35571705
I57D   148,233 N Carter St,16087,S0,R-1,-82.93011939,34.3556339
I57D   149,216 N Forest Av,16088,L1,B-2,-82.9307278,34.35550915
I57D   149 001,85 N Carter St,18524,S0,B-2,-82.93027313,34.35542641
I57D   150,,,,B-2,-82.93075428,34.35513774
I57D   151,160 N Forest Av,16089,S0,B-2,-82.9309254,34.35480698
I57D   152,121 Carter St,16090,S0,B-2,-82.93046545,34.35471714
I57D   153,138 N Forest Av,16091,S0,B-2,-82.93101305,34.35451137
I57D   154,0 Johnson St,16092,S0,B-2,-82.93055045,34.3544213
I57D   156,107 E Franklin St,16094,S0,B-2,-82.93075247,34.35367646
I57D   157,32 E Johnson St,16095,S0,B-2,-82.93086541,34.35402636
I57D   158,100 Johnson St,16096,S0,B-2,-82.93109001,34.35408051
I57D   159,0 N Forest St,16097,S0,B-2,-82.9312516,34.3541035
I57D   160,0 N Forest Av,16098,S0,B-2,-82.93121147,34.35394796
I57D   161,100 N Forest Av,16099,S0,B-2,-82.9313441,34.35390991
I57D   162,0 N Forest Av,16100,S0,B-2,-82.93132455,34.35384922
I57D   163,0 Forest Av,16101,S0,B-2,-82.93136324,34.35372165
I57D   164,126 W Franklin St,16102,S0,B-2,-82.93149109,34.3535364
I57D   165,0 E Franklin St,16103,S0,B-2,-82.93137985,34.35351511
I57D   166,0 E Franklin St,16104,S0,B-2,-82.93110242,34.35369373
I57D   167,89 W Franklin St,16105,S0,B-2,-82.93100344,34.35298986
I57D   169,0 E Franklin St,16108,S0,B-2,-82.93129508,34.35302396
I57D   170,50 N Forest Av,16109,S0,B-2,-82.93156112,34.3531288
I57D   171,36 Forest Av,16110,S0,B-2,-82.93152277,34.35297845
I57D   172,30 N Forest Av,16111,S0,B-2,-82.93154487,34.35289004
I57D   173,24 Forest Av,16112,S0,B-2,-82.93152594,34.35280732
I57D   174,20 N Forest Ave,16113,S0,B-2,-82.9315434,34.35273759
I57D   175,14 Forest Av,16114,S0,B-2,-82.93166115,34.35268947
I57D   176,0 Forest Av,16115,S0,B-2,-82.9316915,34.35262979
I57D   177,0 Forest Av,16116,S0,B-2,-82.93173849,34.35256884
I57D   178,105 E Howell St,16117,S0,B-2,-82.93159783,34.35254241
I57D   179,0 E Howell St,16118,S0,B-2,-82.93141315,34.35256982
I57D   180,443 E Howell St,16119,S0,B-2,-82.93103053,34.35261527
I57D   181,0 Howell St,16120,S0,B-2,-82.93114128,34.35291599
I57D   181A,0 E Howell St,16121,S0,B-2,-82.9312341,34.3526552
I57D   182,83 W Franklin St,16123,S0,B-2,-82.93087401,34.35290079
I57D   200,300 E Franklin St,16141,S0,B-2,-82.92924199,34.35271794
I57D   201,19 W Franklin St,16142,S0,B-2,-82.93013067,34.35258654
I57D   202,469 E Howell St,16143,S0,B-2,-82.93045143,34.35262078
I57D   203,202 Carter St,16144,S0,B-2,-82.93050648,34.35278261
I57D   204,0 E Franklin St,16145,S0,B-2,-82.93029381,34.35284096
I57D   205,0 S Franklin St,16146,S0,B-2,-82.92986241,34.35274402
I57D   206,50 W Franklin St,16147,S0,B-2,-82.93016961,34.35337897
I57D   207,200 E Johnson St,16148,S0,B-2,-82.93006433,34.35375685
I57D   208,0 Johnson St,16149,S0,B-2,-82.92973171,34.35381264
I57D   209,211 Richardson St,16150,S0,B-2,-82.9294895,34.35373935
I57D   210,0 Richardson St,16151,S0,B-2,-82.92961922,34.353579
I57D   211,20 W Franklin St,16152,S0,B-2,-82.92968697,34.3532865
I57D   213,15 E Franklin St,16154,S0,B-2,-82.92904568,34.35314318
I57D   214,37 E Franklin St,16155,S0,B-2,-82.92863304,34.35306643
I57D   215,109 N College St,16156,S0,B-2,-82.92859333,34.35345606
I57D   217,300 E Johnson St,16158,S0,B-2,-82.92900639,34.35353082
I57D   218,175 E Johnson St,16159,L1,R-1B,-82.92834227,34.35419141
I57D   219,0 College Av,16160,S0,R-1B,-82.92815855,34.3547211
I57D   220,313 College Av,16161,S0,R-1B,-82.92817039,34.3549469
I57D   221,225 College Av,16162,S0,R-1B,-82.92798361,34.35507109
I57D   222,0 College Av,16163,S0,R-1B,-82.92826538,34.35512845
I57D   223,239 College Av,16164,S0,R-1B,-82.92800571,34.35529038
I57D   224,0 College Av,16165,S0,R-1B,-82.92799389,34.35554737
I57D   225,0 College Av,16166,S0,R-1B,-82.92785606,34.35564875
I57D   226,279 College Av,16167,S0,R-1B,-82.92769429,34.3559313
I57D   227,174 Gordon St,16168,S0,R-1B,-82.92788161,34.3560729
I57D   228,158 Gordon St,16169,L1,R-1B,-82.92819932,34.35612745
I57D   229,276 N Richardson St,16170,S1,B-1,-82.92812246,34.35591035
I57D   230,309 Richardson St,16171,S0,R-1B,-82.92833992,34.35574351
I57D   231,246 Richardson St,16172,S0,R-1B,-82.92837454,34.35553573
I57D   232,240 Richardson St,16173,S0,R-1B,-82.92841203,34.35539859
I57D   233,0 Richardson St,16174,S0,R-1B,-82.9284394,34.35530285
I57D   234,224 Richardson St,16175,S0,R-1B,-82.92855929,34.35511534
I57D   235,312 Richardson St,16176,S0,R-1B,-82.92856978,34.35480523
I57D   236,88 N Richardson St,16177,S0,R-1B,-82.92874989,34.35427712
I57D   240    A,0 N Richardson St,16181,S0,R-2,-82.92948261,34.35479544
I57D   240 001,6 Jefferson Ave,18633,L1,R-2,-82.93011023,34.35424704
I57D   240 002,10 Jefferson Ave,18634,S0,R-2,-82.92998908,34.35422342
I57D   240 003,18 Jefferson Ave,18635,S1,R-2,-82.92986635,34.35419904
I57D   240 004,0 E Johnson St,18636,S0,R-2,-82.92974362,34.35417466
I57D   240 005,0 E Johnson St,18637,S0,R-2,-82.92962089,34.35415028
I57D   240 006,0 E Johnson St,18638,S0,R-2,-82.92949816,34.3541259
I57D   240 007,0 E Johnson St,18639,S0,R-2,-82.92937613,34.35410166
I57D   240 008,0 E Johnson St,18640,S0,R-2,-82.92925587,34.35407798
I57D   240 009,,18661,S0,R-2,-82.92918049,34.35432652
I57D   240 010,,18662,S0,R-2,-82.92930037,34.35435093
I57D   240 011,,18663,S0,R-2,-82.92942266,34.35437601
I57D   240 012,,18664,S0,R-2,-82.92954494,34.35440109
I57D   240 013,,18665,S0,R-2,-82.92966722,34.35442618
I57D   240 014,21 Jefferson Ave,18666,S0,R-2,-82.92978951,34.35445126
I57D   240 015,,18667,S0,R-2,-82.92991145,34.35447596
I57D   240 016,,18668,S0,R-2,-82.93003218,34.35450087
I57D   240 017,,18669,S0,R-2,-82.92995856,34.35474548
I57D   240 018,,18670,S0,R-2,-82.92984011,34.35472069
I57D   240 019,,18671,S0,R-2,-82.92971934,34.35469605
I57D   240 020,,18672,S0,R-2,-82.92959716,34.35467083
I57D   240 021,,18673,S0,R-2,-82.92947499,34.3546456
I57D   240 022,,18674,S0,R-2,-82.92935282,34.35462038
I57D   240 023,,18675,S0,R-2,-82.92923064,34.35459514
I57D   240 024,,18676,S0,R-2,-82.92910866,34.35457055
I57D   241,317 Richardson St,16182,S0,B-1,-82.92911682,34.35490361
I57D   242,206 Carter St,16183,S0,R-1B,-82.92959897,34.35499925
I57D   243,104 Carter St,16184,S0,R-1B,-82.92967789,34.35529103
I57D   244,0 Carter St,16185,S0,R-1B,-82.92941837,34.35528887
I57D   245,221 Richardson St,16186,S0,R-1B,-82.929051,34.35532399
I57D   246,371 Richardson St,16187,S1,R-1B,-82.92898364,34.35566696
I57D   247,242 Carter St,16188,S0,R-1B,-82.9294862,34.3556547
I57D   248,104 Carter St,16189,S0,R-1B,-82.92951187,34.35598307
I57D   249,72 Gordon St,16190,S0,R-1B,-82.92945693,34.35617021
I57D   250,90 Gordon St,16191,S0,R-1B,-82.92923581,34.35603521
I57D   251,267 N Richardson St,16192,S0,R-1B,-82.92892171,34.35588127
I57D   252,281 Richardson St,16193,S0,R-1B,-82.92886572,34.35607093
I57D   253,301 Richardson St,16194,S1,R-1B,-82.92871409,34.35645107
I57D   254,91 Gordon St,16195,S0,R-1B,-82.92924956,34.35644536
I57D   255,310 Carter St,16196,S0,R-1B,-82.92919695,34.35663358
I57D   256,325 Richardson St,16197,S0,R-1B,-82.92863924,34.35673231
I57D   257,336 Richardson St,16198,S0,R-1B,-82.92806924,34.35679017
I57D   258,322 Richardson St,16199,S0,R-1B,-82.92812422,34.3565934
I57D   259,310 Richardson St,16200,L1,R-1B,-82.92817468,34.35640467
I57D   260,165 Gordon St,16201,S0,R-1B,-82.92780245,34.35654593
I57D   261,0 College St,16202,S0,R-1B,-82.92760067,34.35635591
I57D   262,0 College Av,16203,S0,R-1B,-82.92754163,34.35655933
I57D   263,176 College Av,16204,S0,R-1,-82.92750189,34.35427374
I57D   264,0 College St,16205,S0,R-1B,-82.92750059,34.35670432
I57D   266,195 E Johnson St,16207,S0,R-1,-82.92782354,34.35392175
I57D   267,219 E Johnson St,16208,S0,B-1,-82.92751616,34.35387251
I57D   268,235 E Johnson St,16209,S0,R-1,-82.92730348,34.35385993
I57D   269,118 College St,16210,S0,R-1,-82.92796191,34.35344064
I57D   270,0 Franklin St,16211,S0,B-2,-82.92806121,34.35306192
I57D   271,403 E Franklin St,16212,S0,B-2,-82.92754857,34.35315163
I57D   282,111 Franklin St,16223,S0,B-2,-82.93141789,34.35310073
I57D   283,95 W Franklin St,16224,S0,B-2,-82.93106207,34.35304325
I69E   034,837 Sunnybrook Ln,17007,L1,RES_AG,-82.91762637,34.36141522
I69I   001,95 Ricefield Rd,17130,S0,R-1,-82.92598319,34.36261096
I69I   002,105 Ricefield Dr,17131,S1,R-1,-82.92603311,34.36324653
I69I   005,541 Rome St,17134,L1,R-1,-82.92489408,34.36329368
I69I   007,140 Ricefield Rd,17136,S0,R-1,-82.92558722,34.3634256
I69I   008,110 Ricefield Rd,17137,L1,R-1,-82.92548738,34.36318189
I69I   009,0 Ricefield Rd,17138,S0,R-1,-82.92544504,34.36272193
I69I   010,34 Ricefield Rd,17139,S1,R-1,-82.92511115,34.36275307
I69I   011,0 Rome St,17140,S0,R-1,-82.92469761,34.36264788
I69I   012,501 Rome St,17141,S0,R-1,-82.92467855,34.36286273
I69I   013,521 Rome St,17142,S0,R-1,-82.92466774,34.36311976
I69I   014,0 Rome St,17143,S0,R-1,-82.92514625,34.36317557
I69I   074,480 Rome St,17167,L1,R-1B,-82.9242281,34.36240926
I69I   075,0 Heard St,17168,S0,R-1B,-82.92387182,34.36235417
I69I   076,500 Rome St,17169,S0,R-1B,-82.92410107,34.36269019
I69I   077,514 Rome St,17170,L1,R-1B,-82.92406312,34.36291176
I69I   078,0 Rome St,17171,S0,R-1B,-82.92342401,34.36276579
I69I   079,636 Slaton Ave,17172,S0,R-1B,-82.92139882,34.36243001
I69I   123 CLZ,0 Sanders St,11658,S0,R-1B,-82.92242262,34.36266502
I69I   124 CLZ,,11656,S0,R-1B,-82.92071147,34.36238645
I69I   126,655 Slaton Ave,11661,S1,R-1B,-82.92152293,34.36254988
I69I   129,162 Sanders St,11665,S1,R-1B,-82.91973169,34.36208718
I69I   131,165 Sanders St,11662,L1,R-1B,-82.92032979,34.36226793
I69M   001,402 Peachtree St,17216,S0,R-1B,-82.92714168,34.36028679
I69M   002,9 Rose St,17217,L1,R-1B,-82.92682232,34.36015568
I69M   003,,17218,S0,R-1B,-82.92685009,34.36038972
I69M   004,45 Rose St,17219,S0,R-1B,-82.92689141,34.36065595
I69M   005,40 Peachtree St,17220,L1,R-1B,-82.92720558,34.36062219
I69M   006,56 Peachtree St,17221,S0,R-1B,-82.92725606,34.36090534
I69M   007,418 Peachtree St,17222,S0,R-1B,-82.92693567,34.36101614
I69M   008,0 Rose St,17223,S0,R-1B,-82.9269181,34.36086207
I69M   009,97 Peachtree St,17224,S0,R-1B,-82.92700081,34.36131139
I69M   010,71 Peachtree St,17225,S0,R-1B,-82.92733564,34.36127528
I69M   011,65 Peachtree St,17226,S0,R-1B,-82.92737911,34.36149707
I69M   012,105 Rose St,17227,S1,R-1B,-82.92704392,34.36152638
I69M   013,63 Peachtree St,17228,S0,R-1B,-82.92743253,34.36176731
I69M   014,125 Rose St,17229,S0,R-1B,-82.92708796,34.36174332
I69M   015,135 Rose St,17230,S0,R-1B,-82.92713867,34.3619948
I69M   016,0 Rose St,17231,S0,R-1B,-82.92672265,34.36203085
I69M   017,0 Morrison St,17232,S0,R-1B,-82.92640791,34.36206035
I69M   018,0 Morrison St,17233,S0,R-1B,-82.92635289,34.36183077
I69M   019,0 Rose St,17234,S0,R-1B,-82.92667206,34.36180079
I69M   020,0 Rose St,17235,S0,R-1B,-82.92662215,34.36157179
I69M   021,0 Morrison St,17236,S0,R-1B,-82.92629839,34.36160169
I69M   022,0 Peachtree St,17237,S0,R-1B,-82.92656961,34.36133434
I69M   023,0 Peachtree St,17238,S0,R-1B,-82.92624056,34.36136199
I69M   024,62 Rose St,17239,L1,R-1B,-82.92651815,34.36096718
I69M   025,0 Morrison St,17240,S0,R-1B,-82.9261977,34.36100852
I69M   026,0 Rose St,17241,S0,R-1B,-82.92648719,34.36073706
I69M   027,42 Rose St,17242,S1,R-1B,-82.92647311,34.36060031
I69M   028,32 Rose St,17243,S0,R-1B,-82.92644894,34.36041139
I69M   029,175 Reynolds St,17244,S0,R-1B,-82.92645625,34.36017211
I69M   030,185 Reynolds St,17245,S0,R-1B,-82.92623257,34.36017464
I69M   031,0 Morrison St,17246,S0,R-1B,-82.92612099,34.36046636
I69M   032,150 Peachtree St,17247,L1,R-1B,-82.92615631,34.36072467
I69M   033,195 Reynolds St,17248,L1,R-1B,-82.92600608,34.3601712
I69M   034,191 Reynolds St,17249,S0,R-1B,-82.9257595,34.36007622
I69M   035,0 Rome St,17250,S0,B-1,-82.92549148,34.35995705
I69M   036,315 Rome St,17251,S0,R-1B,-82.92543597,34.36017406
I69M   037,305 Reynolds St,17252,S0,R-1B,-82.9257,34.36032024
I69M   038,329 Rome St,17253,S0,R-1B,-82.92536121,34.36037422
I69M   039,345 Rome St,17254,S0,R-1B,-82.9255173,34.36056894
I69M   040,0 Rome St,17255,S0,R-1B,-82.92527724,34.36082093
I69M   041,0 Morison St,17256,S0,R-1B,-82.92569207,34.36095127
I69M   042,383 Peachtree St,17257,S0,R-1B,-82.92521307,34.36108596
I69M   043,151 Peachtree St,17258,S0,R-1B,-82.92583403,34.36144955
I69M   044,473 Rome St,17259,S0,R-1B,-82.92533462,34.36215616
I69M   044 001,473 Rome St,19059,S0,R-1B,-82.92532769,34.36163988
I69M   045,434 Rome St,17260,S0,R-1B,-82.92429981,34.3621468
I69M   046,0 Heard St,17261,S0,R-1B,-82.92394859,34.36211047
I69M   047,84 Teasley St,17262,S1,R-1B,-82.92402188,34.3618873
I69M   048,430 Rome St,17263,L1,R-1B,-82.92439427,34.36185821
I69M   049,428 Rome St,17264,S0,R-1B,-82.92408925,34.3616774
I69M   050,402 Rome St,17265,S0,R-1B,-82.92438025,34.36139332
I69M   051,382 Rome St,17266,S0,R-1B,-82.92466708,34.36108172
I69M   052,0 Tealsey St,17267,S0,R-1B,-82.92433116,34.36102085
I69M   053,360 Rome St,17268,S0,R-1B,-82.92476709,34.36074196
I69M   053 001,0 Teasley St,17269,S0,R-1B,-82.92444124,34.36067994
I69M   054,0 Rome St,17270,S0,R-1B,-82.92474603,34.36011677
I69M   055,291 Reynolds St,17271,S0,R-1B,-82.92441484,34.35962332
I69M   056,0 Reynolds St,17272,S0,R-1B,-82.92421113,34.36005143
I69M   057,0 Reynolds St,17273,S0,R-1B,-82.92390513,34.36007193
I69M   058,315 Reynolds St,17274,L1,R-1B,-82.92408097,34.35950345
I69M   059,411 Reynolds St,17275,S0,R-1B,-82.92353537,34.35963364
I69M   060,379 Reynolds St,17276,S0,R-1B,-82.92310338,34.35886058
I69M   061,35 Clover St,17277,S0,R-1B,-82.92307158,34.35907902
I69M   062,47 Clover St,17278,S1,R-1B,-82.92308176,34.35928248
I69M   063,0 Clover St,17279,S0,R-1B,-82.9230815,34.35946504
I69M   064,75 Clover St,17280,L1,R-1B,-82.92305335,34.35965163
I69M   065,91 Clover St,17281,S0,R-1B,-82.923034,34.35987619
I69M   066,113 Clover St,17282,S0,R-1B,-82.9230109,34.36013242
I69M   067,125 Clover St,17283,S0,R-1B,-82.92296159,34.36037466
I69M   068,0 Teasley St,17284,S0,R-1B,-82.92393026,34.36058628
I69M   069,0 Clover St,17285,S0,R-1B,-82.92333763,34.36052808
I69M   070,117 Clover St,17286,S0,R-1B,-82.92294614,34.36058371
I69M   071,157 Clover St,17287,S0,R-1B,-82.92299388,34.36085722
I69M   072,0 Teasley St,17288,S0,R-1B,-82.92362828,34.36088518
I69M   073,56 Teasley Sr,17289,S1,R-1B,-82.92353552,34.3611458
I69M   075,0 Clover St,17291,S0,R-1B,-82.92289181,34.3611009
I69M   076,191 Clover St,17292,S0,R-1B,-82.92285239,34.36134908
I69M   077,0 Clover St,17293,S0,R-1B,-82.92279724,34.36158826
I69M   078,0 Heard St,17294,S0,R-1B,-82.92333087,34.36190118
I69M   079,0 Slaton Ave,17295,S0,R-1B,-82.92240835,34.36209936
I69M   080,196 Clover St,17297,L1,R-1B,-82.92240118,34.36146105
I69M   081,549 Slaton Ave,17298,L1,R-1B,-82.92209439,34.36150114
I69M   082,0 Slaton Ave,17299,S0,R-1B,-82.92210962,34.36116233
I69M   083,0 Clover St,17300,S0,R-1B,-82.92243477,34.36112825
I69M   085,501 Slaton Ave,17302,S0,R-1B,-82.92230089,34.36081743
I69M   086,0 Slaton Ave,17303,S0,R-1B,-82.92232548,34.36049803
I69M   087,457 Slaton Ave,17304,L1,R-1B,-82.92235518,34.3602481
I69M   088,106 Clover St,17305,S0,R-1B,-82.92256127,34.3600719
I69M   089,439 Slaton Ave,17306,S1,R-1B,-82.92221456,34.35999572
I69M   090,457 Slaton Ave,17307,S0,R-1B,-82.92226102,34.35976119
I69M   091,86 Clover St,17308,S0,R-1B,-82.92260545,34.35982203
I69M   092,72 Clover St,17309,S0,R-1B,-82.92265351,34.35960011
I69M   093,411 Slaton Ave,17310,L1,B-1,-82.9223075,34.35956588
I69M   094,397 Slaton Ave,17311,S0,R-1B,-82.92228258,34.35931732
I69M   095,0 Clover St,17312,S0,R-1B,-82.92263258,34.35934403
I69M   096,100 Clover St,17313,S0,R-1B,-82.92262293,34.3590544
I69M   097,377 Slaton Ave,17314,S0,R-1B,-82.92228099,34.3590571
I69M   098,505 Slaton Ave,17315,S0,R-1B,-82.92227492,34.3588575
I69M   099,411 Reynolds St,17316,S0,R-1B,-82.92262159,34.35859542
I69M   099 001,20 Clover St,17317,S1,R-1B,-82.92263039,34.35881483
I69M   100,0 Slaton Ave,17318,S0,R-1B,-82.92228217,34.3586524
I69M   101,329 Slaton Ave,17319,S0,R-1B,-82.92228655,34.3584273
I69M   102,437 Slaton Ave,17320,S0,R-1B,-82.92186866,34.35924587
I69M   103,404 Slaton Ave,17321,S0,R-1B,-82.92168238,34.35946648
I69M   104,424 Slaton Ave,17322,S0,R-1B,-82.92180998,34.35970923
I69M   105,609 Patterson St,17323,S0,R-1B,-82.92140611,34.35966829
I69M   106,61 Patterson St,17324,S1,R-1B,-82.92110632,34.359658
I69M   107,617 Patterson St,17325,S0,R-1B,-82.92086839,34.35981441
I69M   108,93 Patterson St,17326,S0,R-1B,-82.92063984,34.35988499
I69M   109,0 Sanders St,17327,S0,R-1B,-82.92036617,34.35997215
I69M   110,29 Sanders St,17328,S0,R-1B,-82.92062963,34.36025287
I69M   111,434 Slaton Ave,17329,S0,R-1B,-82.92146346,34.35996234
I69M   112,444 Slaton Ave,17330,S0,R-1B,-82.9214562,34.36034348
I69M   113,45 Sanders St,17331,S0,R-1B,-82.92053134,34.36053915
I69M   114,488 Slaton Ave,17332,S0,R-1B,-82.92143745,34.36067367
I69M   115,504 Slaton Ave,17333,S0,R-1B,-82.92144224,34.36090113
I69M   116,532 Slaton Ave,17334,L1,R-1B,-82.92144701,34.36121343
I69M   117,554 Slaton Ave,17335,L1,R-1B,-82.92144212,34.36152404
I69M   118,0 W Sanders St,17336,S0,R-1B,-82.92059082,34.36135405
I69M   119,566 Slaton Ave,17337,S0,R-1B,-82.92145057,34.36173518
I69M   120,,,,R-1B,-82.92159738,34.36197908
I69M   121,570 Slaton Ave,17339,S0,R-1B,-82.92130094,34.36191296
I69M   122,584 Slaton Ave,17340,S0,R-1B,-82.92137774,34.36220249
I69M   123,145 Sanders St,17341,S0,R-1B,-82.92066354,34.36219208
I69M   124,142 Sanders St,17342,S1,R-1B,-82.91977975,34.36187661
I69M   125,116 Sanders St,17343,S0,R-1B,-82.91976299,34.36158734
I69M   126,100 Sanders St,17344,S0,R-1B,-82.9197913,34.36132678
I69M   127,92 Sanders St,17345,S0,R-1B,-82.91981342,34.36115462
I69M   128,74 Sanders St,17346,S0,R-1B,-82.91982563,34.36096052
I69M   129,62 Sanders St,17347,S0,R-1B,-82.91983332,34.36071395
I69M   130,414 Sanders St,17348,L1,R-1B,-82.91994212,34.36039625
I69M   131,155 Patterson St,17349,S0,R-1B,-82.91970856,34.3604142
I69M   132,145 Patterson St,17350,S0,R-1B,-82.91986647,34.36008592
I69M   133,171 Patterson St,17351,S0,R-1B,-82.9193452,34.36028478
I69M   134,39 King St,17352,L1,R-1B,-82.91932299,34.36071567
I69M   135,44 King St,17353,L1,R-1B,-82.91885899,34.36076406
I69M   136,16 King St,17354,S0,R-1B,-82.91888567,34.3603442
I69M   137,0 Patterson St,17355,S0,R-1B,-82.9185218,34.3603742
I69M   139,255 Patterson St,17358,L1,R-1B,-82.91802523,34.3606657
I69M   140,219 Pecan Dr,17359,S0,R-1B,-82.91787739,34.36000714
I69M   141,201 Pecan Dr,17360,S0,R-1B,-82.91791769,34.35974769
I69M   142,0 Patterson St,17361,S0,R-1B,-82.91846521,34.35994304
I69M   143,,17362,S0,R-1B,-82.91848007,34.35964805
I69M   144,0 Pecan Dr,17363,S0,R-1B,-82.91850241,34.35901393
I69M   145,183 Pecan Dr,17364,S0,R-1B,-82.91792917,34.35947522
I69M   146,163 Pecan Dr,17365,S1,R-1B,-82.91794202,34.35920041
I69M   147,143 Pecan Dr,17366,S0,R-1B,-82.91796746,34.35879394
I69M   148,0 Pecan Dr,17367,S0,R-1B,-82.91798516,34.35836033
I69M   149,85 Pecan Dr,17368,L1,R-1B,-82.9180095,34.35807806
I69M   150,71 Pecan Dr,17369,L1,R-1B,-82.91802791,34.35782068
I69M   151,49 Pecan Dr,17370,S0,R-1B,-82.91805183,34.35754549
I69M   152,33 Pecan Dr,17371,S0,R-1B,-82.91806943,34.35727109
I69M   153,15 Pecan Dr,17372,S1,R-1B,-82.91809111,34.35699091
I69M   154,506 Savannah St,17373,S0,R-1B,-82.91855731,34.35757775
I69M   155,506 Savannah St,17374,S0,B-2,-82.9189051,34.35739563
I69M   156,64 Poplar St,17375,S1,R-1B,-82.91935922,34.35780575
I69M   156 001,0 Poplar St,17376,S0,R-1B,-82.91938365,34.35732988
I69M   157,310 Poplar St,17377,S0,R-1B,-82.91906451,34.35825022
I69M   158,126 Poplar St,17378,L1,R-1B,-82.91921816,34.35874493
I69M   159,0 Poplar St,17379,S0,R-1B,-82.91920439,34.35903223
I69M   160,156 Poplar St,17380,S1,R-1B,-82.91919401,34.35927238
I69M   161,180 Poplar St,17381,S0,R-1B,-82.91917598,34.35955986
I69M   162,196 Poplar St,17382,L1,R-1B,-82.91913633,34.35986478
I69M   163,124 Patterson St,17383,S0,R-1B,-82.91990305,34.35944941
I69M   164,96 Patterson St,17384,L1,R-1B,-82.9203619,34.3595076
I69M   165,72 Patterson St,17385,S0,R-1B,-82.92082262,34.35935649
I69M   166,329 Poplar St,17386,S0,R-1B,-82.92047453,34.35909909
I69M   167,113 Poplar St,17387,S0,R-1B,-82.92029922,34.35877453
I69M   168,109 Poplar St,17388,S0,R-1B,-82.92024476,34.35837015
I69M   169,71 Poplar St,17389,S1,R-1B,-82.92002924,34.35798771
I69M   170,43 Poplar St,17390,S1,R-1B,-82.92007988,34.3576684
I69M   171,0 Poplar St,17391,S0,R-1B,-82.92009074,34.35747718
I69M   171 001,0 Poplar St,18408,S0,R-1B,-82.92009752,34.35735477
I69M   172,445 Savannah St,17392,L1,R-1B,-82.92010784,34.35715901
I69M   173,415 Savannah St,17393,S0,R-1B,-82.9206801,34.35723267
I69M   174,395 Savannah St,17394,S0,R-1B,-82.92099448,34.3572487
I69M   175,375 Savannah St,17395,S1,R-1B,-82.92128882,34.35726161
I69M   177,335 Savannah St,17397,S0,R-1B,-82.92176566,34.3573026
I69M   178,282 Slaton Ave,17398,L1,R-1B,-82.92194266,34.35766937
I69M   179,,17399,S0,R-1B,-82.92163794,34.35766134
I69M   180,,17400,S0,R-1B,-82.92130605,34.35768458
I69M   181,38 Harry hannah Ln,17401,S0,R-1B,-82.92093909,34.35767342
I69M   182,,17402,S0,R-1B,-82.92055527,34.35766207
I69M   183,,17403,S0,R-1B,-82.92084788,34.35799368
I69M   184,304 Slaton Ave,17404,S0,R-1B,-82.92174903,34.35802872
I69M   185,322 Slaton Ave,17405,S0,R-1B,-82.92150837,34.35832408
I69M   186,0 Patterson St,17406,S0,R-1B,-82.92137519,34.35891393
I69M   186 001,348 Slaton Ave,17407,S0,R-1B,-82.9214985,34.35865342
I69M   187,52 Patterson St,17408,L1,R-1B,-82.92118137,34.35920941
I69M   188,30 Patterson St,17409,S0,R-1B,-82.92155304,34.35910846
I69M   189,0 Slaton Ave,17410,S0,R-1B,-82.92177,34.35888691
I69M   190,319 Savannah St,17411,S0,R-1B,-82.92242134,34.35726836
I69M   191,508 Savannah St,17412,S0,R-1B,-82.92270536,34.35719135
I69M   192,291 Savannah St,17413,S0,R-1B,-82.9229118,34.35722682
I69M   193,0 Slaton Ave,17414,S0,R-1B,-82.92257497,34.35777956
I69M   194,430 Reynolds St,17415,L1,R-1B,-82.92264872,34.35817783
I69M   195,410 Reynolds St,17416,S0,R-1B,-82.92286375,34.35827034
I69M   196,400 Reynolds St,17417,S0,R-1B,-82.92305817,34.3584404
I69M   197,516 Reynolds St,17418,S0,R-1B,-82.92325534,34.35853363
I69M   198,0 Reynolds St,17419,S0,R-1B,-82.92341783,34.35860814
I69M   199,0 Reynolds St,17420,S0,R-1B,-82.92358553,34.35871703
I69M   200,124 Hill St,17421,S0,R-1B,-82.92346469,34.35839798
I69M   201,112 Hill St,17422,S0,R-1B,-82.92338409,34.35824552
I69M   202,102 Hill St,17423,S0,R-1B,-82.92338577,34.35808699
I69M   203,0 Hill St,17424,S0,R-1B,-82.92316676,34.35791864
I69M   203 001,0 Hill St,17425,S0,R-1B,-82.92318813,34.35773501
I69M   204,0 Hill St,17426,S0,R-1B,-82.92352838,34.35791091
I69M   205,74 Hill St,17427,S0,R-1B,-82.92355209,34.35772049
I69M   206,0 Hill St,17428,S0,R-1B,-82.92338565,34.35757695
I69M   207,50 Hill St,17429,L1,R-1B,-82.92339743,34.35735998
I69M   208,50 Hill St,17430,L1,R-1B,-82.92341863,34.35698611
I69M   209,197 Savannah St,17431,S0,R-1B,-82.9242111,34.35704684
I69M   210,266 Maple St,17432,S0,B-2,-82.92490764,34.35659277
I69M   211,286 Maple St,17433,L1,R-1B,-82.92477504,34.35708418
I69M   212,300 Maple St,17434,S0,R-1B,-82.92469767,34.35729426
I69M   213,312 Maple St,17435,L1,R-1B,-82.9246477,34.35746075
I69M   214,330 Maple St,17436,S0,R-1B,-82.92457392,34.35771134
I69M   215,85 Hill St,17437,S0,R-1B,-82.92407459,34.35784075
I69M   216,350 Maple St,17438,S0,R-1B,-82.92447074,34.35801874
I69M   217,370 Maple St,17439,S0,R-1B,-82.9243934,34.35825589
I69M   218,99 Hill St,17440,S0,R-1B,-82.92401947,34.3581625
I69M   219,117 Hill St,17441,S0,R-1B,-82.92400357,34.35838037
I69M   220,380 Maple St,17442,S0,R-1B,-82.92436625,34.35842936
I69M   221,127 Hill St,17443,S0,R-1B,-82.92399459,34.35850921
I69M   222,0 Hill St,17444,S0,R-1B,-82.92396002,34.35870969
I69M   223,0 Maple St,17445,S0,R-1B,-82.92406449,34.35902081
I69M   224,408 Maple St,17446,S0,R-1B,-82.92424453,34.35887013
I69M   225,0 Maple St,17447,S0,R-1B,-82.92432199,34.35861477
I69M   226,300 Reynolds St,17448,S0,R-1B,-82.92448029,34.35922074
I69M   227,280 Reynolds St,17449,S0,R-1B,-82.92471799,34.35930433
I69M   228,270 Reynolds St,17450,S0,R-1B,-82.92495981,34.35938099
I69M   229,350 Rome St,17451,S0,R-1B,-82.92521314,34.35945337
I69M   230,248 Rome St,17452,L1,R-1B,-82.92523113,34.35907094
I69M   231,417 Maple St,17453,S0,R-1B,-82.92470242,34.35906109
I69M   232,405 Maple St,17454,S0,R-1B,-82.92476482,34.35887201
I69M   233,391 Maple St,17455,S0,R-1B,-82.92474629,34.35868849
I69M   234,190 Rome St,17456,S0,R-1B,-82.92530118,34.35850547
I69M   235,367 Maple St,17457,S0,R-1B,-82.92484542,34.35839102
I69M   236,355 Maple St,17458,L1,R-1B,-82.92492839,34.35814996
I69M   237,337 Maple St,17459,S0,R-1B,-82.92502154,34.35791562
I69M   238,509 Rome St,17460,S0,R-1B,-82.92554882,34.35781536
I69M   239,150 Rome St,17461,L1,R-1B,-82.9257799,34.35779212
I69M   240,0 Maple St,17462,S0,R-1B,-82.92512837,34.35759778
I69M   241,367 Maple St,17463,S0,R-1B,-82.92529345,34.35729582
I69M   242,0 W Maple St,17464,S0,R-1B,-82.92536851,34.35708368
I69M   243,509 Rome St,17465,S0,R-1B,-82.92580551,34.35730536
I69M   244,0 E Rome St,17466,S0,R-1B,-82.92569208,34.35685923
I69M   245,0 Rome St,17467,S0,R-2,-82.9267002,34.35706969
I69M   246,105 Rome & (908 colfax) St,17468,S0,R-2,-82.92636873,34.35773817
I69M   247,0 Colfax (off) St,17469,S0,R-2,-82.92690892,34.35769024
I69M   248,0 Colfax St,17470,S0,R-2,-82.9267883,34.35796156
I69M   249,249 Rome St,17471,S0,R-1B,-82.92579771,34.35918941
I69M   250,273 Rome St,17472,S0,R-1B,-82.92566208,34.35955289
I69M   251,0 Reynolds Dr,17473,S0,R-1B,-82.92599713,34.35963975
I69M   252,0 Peachtree St,17474,S0,R-1B,-82.92740765,34.36163903
I69M   253,0 Rome St,17475,S0,NA,-82.92426933,34.3622562
I69M   254,,17476,S0,R-1B,-82.92093822,34.35859473
I69M   255,0 E Richardson St,17477,S0,R-1B,-82.92663948,34.35904924
I69M   256,71 King St,17478,L1,R-1B,-82.91933409,34.36110573
I69M   257,,17479,S0,R-1B,-82.91930014,34.36147203
I69M   258,113 King St,17480,S0,R-1B,-82.91926611,34.36181305
I69M   259,135 King St,17481,S1,R-1B,-82.91929129,34.36204234
I69M   260,140 King St,17482,S0,R-1B,-82.91881638,34.36198991
I69M   261,120 King St,17483,S0,R-1B,-82.91870285,34.36180473
I69M   262,96 King St,17484,S0,R-1B,-82.91872246,34.36147904
I69M   263,68 King St,17485,S0,R-1B,-82.9187454,34.36114047
I69N   001,711 Savannah St,17486,S0,R-1B,-82.91707344,34.35702784
I69N   002,709 Savannah St,17487,S0,R-1B,-82.91741241,34.35704263
I69N   003,862 Pecan Dr,17488,S0,R-1B,-82.91723361,34.35742564
I69N   004,66 Pecan Dr,17489,S0,R-1B,-82.91721024,34.35770512
I69N   005,82 Pecan Dr,17490,S0,R-1B,-82.91718591,34.35798927
I69N   006,102 Pecan Dr,17491,S0,R-1B,-82.91716358,34.35827487
I69N   007,122 Pecan Dr,17492,L1,R-1B,-82.91714544,34.35857262
I69N   008,146 Pecan Dr,17493,S0,R-1B,-82.91713096,34.35886061
I69N   009,164 Pecan Dr,17494,S0,R-1B,-82.91711605,34.35913457
I69N   010,184 Pecan Dr,17495,L1,R-1B,-82.91710996,34.35942092
I69N   011,,17496,S0,R-2,-82.91584598,34.35882736
I69N   012,0 Fernwood - off Dr,17498,S0,R-2,-82.91621114,34.35848133
I69N   013,0 Cedar St,17499,S0,R-1B,-82.91675008,34.35830188
I69N   014,96 Cedar St,17500,S1,R-1B,-82.9165714,34.35824886
I69N   015,78 Cedar St,17501,L1,R-1B,-82.91627612,34.35815538
I69N   016,104 Cedar St,17502,S0,R-1B,-82.91592019,34.35804221
I69N   017,34 Cedar St,17503,S1,R-1B,-82.91555532,34.35792947
I69N   018,16 Cedar St,17504,S0,R-1B,-82.91538248,34.35784751
I69N   020,31 Cedar St,17506,S0,R-1B,-82.91564877,34.35759262
I69N   021,51 Cedar St,17507,L1,R-1B,-82.91595145,34.35769017
I69N   022,73 Cedar St,17508,S0,R-1B,-82.91627841,34.35779114
I69N   023,91 Cedar St,17509,L1,R-1B,-82.91659707,34.35789344
I69N   024,102 Elm St,17510,S0,R-1B,-82.91667603,34.35750262
I69N   025,16 Elm St,17511,S0,R-1B,-82.91672926,34.35700645
I69N   026,655 Savannah St,17512,L1,R-1B,-82.91643681,34.35704943
I69N   026 001,655 Savannah St,20873,S0,R-1B,-82.91639144,34.35751086
I69N   027,673 Savannah St,17513,S0,R-1B,-82.91610126,34.35714371
I69N   028,301 Fernwood Av,17514,S0,R-1B,-82.91585977,34.35698629
I69N   029,183 Ridge Rd,17515,S0,R-1B,-82.91577427,34.35733231
I69N   101,6 Clyde Cir,17529,S0,SUBD1,-82.91421028,34.36084822
I69N   102,52 Clyde Cir,17530,S0,SUBD1,-82.91470376,34.36093994
I69N   103,82 Clyde Cir,17531,L1,SUBD1,-82.91540284,34.36106857
I69N   108,183 Clyde Cir,17536,L1,SUBD1,-82.91644792,34.3615036
I69N   109,135 Clyde Cir,17537,S0,SUBD1,-82.91622499,34.36122495
I69N   110,,17538,S0,SUBD1,-82.91623213,34.36065883
I69N   111,121 Clyde Cir,17539,L1,NA,-82.91560293,34.36047888
I69N   112,81 Clyde Cir,17540,S0,SUBD1,-82.91513353,34.36039684
I69N   113,57 Clyde Cir,17541,L1,SUBD1,-82.9148173,34.36034096
I69N   114,23 Clyde Cir,17542,S0,SUBD1,-82.91449157,34.36029139
I69N   115,347 Ridge Rd,17543,S0,SUBD1,-82.91483153,34.35946055
I69N   116,,17544,S0,SUBD1,-82.91508418,34.35989073
I69N   117,,17545,S0,M-1,-82.91536834,34.35955067
I69N   118,0 Nancy Dr,17546,S0,NA,-82.91639394,34.36014716
I69N   119,87 Nancy Dr,17547,S0,SUBD1,-82.91585775,34.35984837
I69N   119 001,0 Nancy Dr,19121,S0,SUBD1,-82.91609024,34.35989962
I69N   120,53 Nancy Dr,17548,S0,SUBD1,-82.91647811,34.35977138
I69N   121,15 Nancy Dr,17549,S1,R-1B,-82.91708419,34.3598091
I69N   122,226 Pecan Dr,17550,L1,R-1B,-82.91705742,34.36006974
I69N   123,244 Pecan Dr,17551,S1,RES1,-82.91703083,34.36032461
I69N   124,255 Pecan Dr,17552,S1,RES1,-82.91696747,34.36077552
I70A   001,405 E Franklin St,17575,S0,B-2,-82.92707072,34.35319174
I70A   002,165 E Franklin St,17576,L1,R-1,-82.92668656,34.35328159
I70A   003,185 E Franklin St,17577,S0,B-1,-82.92635475,34.35317837
I70A   004,205 E Franklin St,17578,S0,B-1,-82.9260938,34.35339647
I70A   005,527 E Franklin St,17579,S0,B-1,-82.92561395,34.35342748
I70A   006,415 E Franklin St,17580,S0,B-2,-82.92519962,34.35333475
I70A   007,0 Johnson St,17581,S0,B-2,-82.92530476,34.35375589
I70A   008,603 E Franklin St,17582,S0,B-2,-82.9248464,34.35331887
I70A   009,281 E Franklin St,17583,S0,B-2,-82.92456807,34.35336583
I70A   010,41 Maple St,17584,S0,B-1,-82.92479836,34.35366807
I70A   011,103 Maple St,17585,S0,R-1,-82.92485635,34.35389183
I70A   012,0 E Johnson St,17586,S0,B-1,-82.92517852,34.35433916
I70A   013,409 E Johnson St,17587,S0,B-2,-82.92599675,34.35430188
I70A   014,267 E Johnson St,17588,S0,R-1,-82.92676235,34.35446077
I70A   015,0 College Av,17589,S0,R-1,-82.92729878,34.35485938
I70A   016,0 Savannah St,17590,S0,R-1,-82.92625079,34.35506785
I70A   017,113 Maple St,17591,S0,R-1,-82.92526726,34.35472498
I70A   018,310 Maple St,17592,S0,R-1,-82.92537874,34.355023
I70A   019,221 Maple St,17593,S0,R-1,-82.92535909,34.35533351
I70A   020,183 Maple St,17594,L1,R-1,-82.92543988,34.35552016
I70A   021,124 Savannah St,17595,S0,R-1,-82.9254209,34.35582126
I70A   022,406 Savannah St,17596,S0,R-1,-82.92572107,34.35571756
I70A   023,0 Savannah St,17597,S0,R-1,-82.92601499,34.35538242
I70A   024,0 Savannah St,17598,S0,R-1,-82.92637008,34.35558258
I70A   025,0 Savannah St,17599,S0,R-1,-82.92689589,34.35535981
I70A   026,236 College Av,17600,L1,R-1,-82.92728026,34.35510555
I70A   027,0 Savannah St,17601,S0,B-2,-82.92726233,34.35537346
I70A   028,53 Savannah St,17602,S0,B-2,-82.92684504,34.35581181
I70A   029,0 College Av,17603,S0,B-2,-82.92725695,34.35583842
I70A   030,31 Rome St,17604,S0,R-2,-82.926728,34.35616759
I70A   031,43 Rome St,17605,L1,R-2,-82.9266732,34.35635573
I70A   032,0 Gordon St,17606,S0,R-2,-82.92713379,34.35633662
I70A   033,0 College St,17607,S0,R-2,-82.92705584,34.35661698
I70A   034,0 Rome St,17608,S0,R-1B,-82.92662426,34.35652441
I70A   035,70 Rome St,17609,S0,R-1B,-82.92592948,34.35658111
I70A   036,303 W Maple St,17610,S0,R-1B,-82.9254525,34.35647753
I70A   037,0 Rome St,17611,S0,R-1B,-82.92601741,34.35637049
I70A   038,0 Savannah St,17612,S0,B-1,-82.92626139,34.35605891
I70A   039,0 Savannah St,17613,S0,R-1B,-82.92586839,34.35610756
I70A   040,129 Savannah St,17614,S0,R-1B,-82.92553851,34.35622762
I70A   042,0 Savannah St,17616,S0,R-1B,-82.92486303,34.35597276
I70A   043,170 Savannah St,17617,S0,R-1B,-82.92465661,34.3560195
I70A   044,182 Savannah St,17618,S0,R-1B,-82.92446245,34.35606672
I70A   045,192 Savannah St,17619,S0,R-1B,-82.92429956,34.35610589
I70A   046,202 Savannah St,17620,S1,R-1B,-82.9241549,34.35614605
I70A   047,218 Savannah St,17621,S0,R-1B,-82.92394285,34.35638075
I70A   048,95 Hardy St,17622,S0,R-1B,-82.9235818,34.35614362
I70A   049,274 Savannah St,17623,S1,R-1B,-82.92320075,34.35646084
I70A   050,280 Savannah St,17624,S1,R-1B,-82.92293118,34.35654474
I70A   051,0 Savannah St,17625,S0,R-1B,-82.92266387,34.35670495
I70A   052,298 Savannah St,17626,S0,R-1B,-82.92238857,34.3568317
I70A   053,0 Next to 207 slaton Av,17627,S0,R-1B,-82.92233646,34.35663493
I70A   054,207 Slaton Ave,17628,S0,R-1B,-82.92245618,34.35647819
I70A   055,0 Slaton Ave,17629,S0,R-1B,-82.92230547,34.35637725
I70A   056,171 Slaton Ave,19116,S0,R-1B,-82.92227941,34.35620584
I70A   057,171 Slaton Ave,17631,L1,R-1B,-82.92224525,34.3560583
I70A   058,153 Slaton Ave,17632,S0,R-1B,-82.92224723,34.35582406
I70A   059,191 Slaton Ave,17633,S0,R-1B,-82.92257781,34.35615831
I70A   060,135 Hardy St,17634,S0,R-1B,-82.92256663,34.35578359
I70A   061,125 Hardy St,17635,S0,R-1B,-82.92281634,34.35592678
I70A   062,0 Savannah St,17636,S0,R-1B,-82.92308325,34.35605116
I70A   063,109 Hardy St,17637,S0,R-1B,-82.9230068,34.35573885
I70A   064,81 Hardy St,17638,S0,R-1B,-82.92357236,34.35575665
I70A   065,65 Hardy St,17639,S0,R-1B,-82.92385717,34.35568525
I70A   066,45 Hardy St,17640,S0,R-1B,-82.92420617,34.35561422
I70A   067,29 Hardy St,17641,S0,R-1B,-82.92445658,34.35557803
I70A   068,502 Savannah St,17642,S0,R-1B,-82.92483795,34.35564015
I70A   069,134 Maple St,17643,S0,R-1,-82.92467008,34.35505091
I70A   070,26 Hardy St,17644,L1,R-1,-82.92441202,34.35509499
I70A   071,104 Hardy St,17645,S0,R-1,-82.92413826,34.35514236
I70A   072,0 Johnson St,17646,S0,B-2,-82.92389644,34.35462277
I70A   072 001,415 E Johnson St,17647,S0,B-2,-82.92435384,34.35457179
I70A   073,64 Hardy St,17648,S1,R-1,-82.92376366,34.35506997
I70A   074,66 Hardy St,17649,S0,R-1,-82.92365034,34.35522514
I70A   075,463 E Johnson St,17650,S0,R-1,-82.92352332,34.35461339
I70A   076,485 E Johnson St,17651,S0,R-1,-82.92320798,34.35478376
I70A   077,503 E Johnson St,17652,S0,R-1,-82.92282912,34.35485228
I70A   078,80 Hardy St,17653,L1,R-1,-82.92313533,34.35532558
I70A   079,531 E Johnson St,17654,S1,R-1,-82.92238838,34.35482769
I70A   079 001,134 Hardy St,17655,S0,R-1,-82.92250492,34.35532654
I70A   081,515 E Johnson St,17657,S0,R-1,-82.9220591,34.3551202
I70A   082,544 E Johnson St,17658,S0,R-1,-82.92191071,34.35431842
I70A   083,526 E Johnson St,17666,L1,R-1,-82.92229295,34.35424676
I70A   084,0 E Franklin St,17660,S0,R-1,-82.92272471,34.35416651
I70A   085,478 E Johnson St,17661,S0,R-1,-82.92311604,34.35409494
I70A   086,0 E Franklin St,17662,S0,B-2,-82.92380445,34.35376654
I70A   087,375 E Franklin St,17663,S0,B-2,-82.92300788,34.3536491
I70A   088,391 E Franklin St,17664,L1,B-2,-82.92273745,34.35369481
I70A   089,407 E Franklin St,17665,S0,B-1,-82.9224811,34.35373963
I70A   090,425 E Franklin St,17659,S0,B-2,-82.92219487,34.35378917
I70A   091,443 E Franklin St,17667,S0,B-2,-82.92181387,34.35385781
I70A   092,0 Slaton Ave,18530,S0,B-2,-82.92132176,34.35433606
I70A   092 001,611 E Franklin St,17668,S0,B-2,-82.92123326,34.35396674
I70A   093,705 E Franklin St,17669,S0,B-2,-82.92067305,34.35415595
I70A   097,713 E Johnson St,17673,S0,R-1,-82.92006661,34.35413607
I70A   098,561 E Franklin St,17674,S0,R-1,-82.91981512,34.35417597
I70A   099,575 E Franklin St,17675,S0,R-1,-82.91956417,34.35421721
I70A   100,589 E Franklin St,17676,S1,R-1,-82.91930402,34.35425812
I70A   101,605 E Franklin St,17677,S0,B-1,-82.91903104,34.35430328
I70A   102,619 E Franklin St,17678,S0,B-2,-82.91876367,34.35434624
I70A   103,637 E Franklin St,17679,S0,B-2,-82.91838673,34.35440681
I70A   104,811 E Franklin St,17680,S0,R-1,-82.91774727,34.35444238
I70A   105,42 0 Walnut St,17681,S0,R-1,-82.91811325,34.35493303
I70A   106,616 E Johnson St,17682,S0,R-1,-82.91887246,34.35481175
I70A   107,690 E Johnson St,17683,S0,B-1,-82.91914335,34.35476875
I70A   108,0 E Johnson St,17684,S0,R-1,-82.91941711,34.35472405
I70A   109,612 E Johnson St,17685,S0,B-1,-82.91980513,34.35466289
I70A   110,650 E Johnson St,17686,S1,R-1,-82.92018428,34.35460231
I70A   111,636 E Johnson St,17687,S0,R-1,-82.92043338,34.35456145
I70A   112,622 E Johnson St,17688,S0,R-1,-82.92068601,34.35452047
I70A   114,600 E Johnson St,17690,S0,B-2,-82.92138766,34.35454421
I70A   115,573 E Johnson St,17691,L1,R-1,-82.92148264,34.35496168
I70A   116,603 E Johnson St,17692,S0,R-1,-82.92109645,34.35502635
I70A   117,619 E Johnson St,17693,S0,R-1,-82.92083636,34.35506979
I70A   118,609 E Johnson St,17694,L1,R-1,-82.92057623,34.35511281
I70A   119,651 E Johnson St,17695,L1,R-1,-82.92018305,34.35517807
I70A   121,693 E Johnson St,17697,S0,B-1,-82.91965669,34.35526454
I70A   122,709 E Johnson St,17698,S0,R-1,-82.91926429,34.35532872
I70A   124,739 E Johnson St,17700,S0,R-1,-82.91887474,34.35539278
I70A   125,619 E Johnson St,17701,S0,R-1,-82.91848458,34.35545726
I70A   126,771 E Johnson St,17702,S0,R-1,-82.91814259,34.35552641
I70A   127,45 Chestnut St,17703,S0,R-1,-82.91820419,34.35588233
I70A   128,59 Chestnut St,17704,L1,R-1,-82.91825505,34.35610411
I70A   129,,NA,NA,R-1,-82.91859619,34.35592873
I70A   130,180 Hardy street Ext,17706,S1,R-1,-82.91885762,34.35588582
I70A   131,,NA,NA,R-1,-82.9191171,34.35584372
I70A   132,,NA,NA,R-1,-82.91937582,34.35580149
I70A   133,0 Hardy St,17709,S0,R-1,-82.91963564,34.35575966
I70A   134,120 Hardy street Ext,17710,S0,R-1,-82.91989784,34.35571655
I70A   135,102 Hardy  st Ext,17711,S0,R-1,-82.92016312,34.35567374
I70A   136,82 Hardy st Ext,17712,S0,R-1,-82.92042571,34.35562937
I70A   137,68 Hardy St,17713,S0,R-1,-82.92068457,34.35558685
I70A   138,54 Hardy St,17714,S0,R-1,-82.92094508,34.35554383
I70A   139,0 Hardy St,17715,S0,R-1,-82.92120566,34.35550043
I70A   140,24 Hardy street Ext,17716,S0,R-1,-82.92145582,34.35545918
I70A   141,118 Slaton St,17717,S0,R-1,-82.92170912,34.35541587
I70A   142,158 Slaton Ave,17718,L1,R-1,-82.92182783,34.35589601
I70A   143,184 Slaton Ave,17719,S5,R-1,-82.92189249,34.3562208
I70A   144,25 Hardy street Ext,17720,S0,R-1,-82.92160203,34.35611423
I70A   145,0 Hardy St,17721,S0,R-1,-82.92133596,34.35614005
I70A   146,0 Savannah St,17722,S0,R-2,-82.92199028,34.35672928
I70A   147,714 Savannah St,17723,S0,R-1,-82.92170777,34.35673578
I70A   148,370 Savannah St,17724,S1,R-1,-82.92141872,34.35673645
I70A   149,388 Savannah St,17725,L1,R-1,-82.92112988,34.35673342
I70A   150,0 Hardy St,17726,S0,R-1,-82.92107049,34.35616611
I70A   151,69 Hardy street Ext,17727,S1,R-1,-82.92080516,34.3561922
I70A   152,408 Savannah St,17728,S0,R-1,-82.92084147,34.35672905
I70A   153,,17729,S0,R-1,-82.92055306,34.3567236
I70A   154,77 Hardy  st Ext,17730,S0,R-1,-82.92053989,34.3562183
I70A   155,97 Hardy street Ext,17731,S1,R-1,-82.92027455,34.35624447
I70A   156,440 Savannah St,17732,S0,R-1,-82.92011243,34.35671406
I70A   157,119 Hardy street Ext,17733,S0,R-1,-82.91999464,34.35626809
I70A   158,0 Hardy St,17734,S0,R-1,-82.91872229,34.35637892
I70A   159,514 Savannah St,17736,S1,R-1,-82.918836,34.35665915
I70A   160,87 Chestnut Dr,17737,S0,R-1,-82.91827766,34.35653149
I70A   161,218 Chestnut St,17738,S0,R-1,-82.91789055,34.35638424
I70A   162,0 Savannah St,17739,S0,R-1,-82.91761922,34.35637653
I70A   163,0 E Johnson St,17740,S0,B-2,-82.91719209,34.35575622
I70A   164,815 E Johnson St,17741,S0,B-2,-82.91747851,34.35570769
I70A   164 001,,17742,S0,B-2,-82.91773717,34.35565716
I70A   165,0 Franklin @ randall St,17743,S0,R-1,-82.91772079,34.35387853
I70A   166,11 Gloria St,17744,S0,R-1,-82.91801591,34.35390511
I70A   167,25 Gloria St,17745,S0,R-1,-82.91795979,34.35377657
I70A   184,610 E Franklin St,17762,S0,B-2,-82.91866688,34.35380521
I70A   207,580 E Franklin St,17785,S0,B-2,-82.91949901,34.35369736
I70A   213,0 E Franklin St,17791,S0,R-2,-82.92047906,34.35357033
I70A   215,610 S Franklin St,17793,S0,B-2,-82.92156759,34.35342935
I70A   216,0 E Franklin St,17794,S0,B-2,-82.92189,34.35338754
I70A   248,474 Savannah St,17826,S0,R-1,-82.91965866,34.35667836
I70A   249,476 Savannah St,17827,S0,R-1,-82.91937408,34.35664617
I70A   250,0 Hardy St,17828,S0,R-1,-82.91919401,34.3563231
I70A   251,0 Hardy St,17829,S0,R-1,-82.91964969,34.35626334
I70B   001,901 E Franklin St,17830,S0,B-1,-82.91720928,34.35484698
I70B   002,0 E Franklin St,17831,S0,R-1,-82.9168832,34.35500685
I70B   003,101 Fernwood Av,17832,S0,R-1,-82.91655606,34.35533221
I70B   004,839 E Johnson St,17833,S0,B-2,-82.91690642,34.35578153
I70B   004 001,839 E Johnson St,18291,S0,B-2,-82.91651884,34.35583609
I70B   005,0 Fernwood Av,17834,S0,R-1,-82.9161736,34.35607273
I70B   005 001,0 Ridge Rd,17835,S0,B-2,-82.91610914,34.35627804
I70B   006,209 Fernwood Dr,17836,S0,B-2,-82.91603241,34.35652409
I70B   007,0 Savannah St,17837,S0,B-2,-82.91632267,34.35639025
I70B   008,644 Savannah St,17838,S1,B-2,-82.91665581,34.35638341
I70B   009,628 Savannah St,17839,S0,R-1,-82.91693245,34.35638718
I70B   010,610 Savannah St,17840,L1,R-1,-82.9172714,34.35638678
I70B   041,15 Randall St,17866,S0,B-2,-82.91721501,34.35401885
NA,NA,,,,0,0
